id,original_seq,designed_seq,length,acc_original,acc_generated,delta_acc,mcc_original,mcc_generated,delta_mcc
1oryB,NVDFAKEMTEFTKYQIRMQSGVAMLAQANALPQLVLQLL,RRVAIYRIWQFLIKLEREDREAYWILHQPIPDWVWQEFM,39,0.7948717948717948,1.0,0.20512820512820518,0.23553438611874694,1.0,0.7644656138812531
2koeA,TVFAFASMLCLLNSTVNPIIYALRSKDLRHAFRSMFPSAE,SWQMLNYCITTLCTSIEPDCGEWGCPQYCERLCEGEPIPY,40,0.625,0.875,0.25,0.503196326127442,0.8353290293182821,0.3321327031908401
4rkuJ,RDLKTYLSVAPVASTLWFAALAGLLIEINRLFPDALTFPF,TLQYMIDHGYIWVWSIVVCCYIVLFHIMWLVRRPKPRIPE,40,0.8,0.9,0.09999999999999998,0.601852230132156,0.8070818582429128,0.20522962811075673
4il6X,TITPSLKGFFIGLLSGAVVLGLTFAVLIAISQIDKVQRSL,DASPEVIQAIYAQVREFFAMLDKTLHAMYVWMQTPPPVEK,40,0.875,1.0,0.125,0.6558002526197343,1.0,0.3441997473802657
2lvgA,ASRAALIEEGQRIAEMLKSKIQGLLQQASKQAQDIQPAMQ,PTTLEGWLLYANWIHCELMHMLCLIDREERDIRAGRSPFP,40,0.9,1.0,0.09999999999999998,0.7411178195309799,1.0,0.2588821804690201
2ysgA,GSSGSSGLPYGWEEAYTADGIKYFINHVTQTTSWIHPVMS,QCMRFSPPEDGKEEVHDKCAPNVCLPIKEPGIHVDPPPPQ,40,0.7,0.95,0.25,0.5943472658179545,0.9285778210939476,0.3342305552759931
2l60A,YLERELKKLERELKKLSPEELNRYYASLRHYLNLVTRQRY,VSERDYQYVCRLLSHEPPWVALVFACMAIDEWGVEKGLWQ,40,0.875,0.975,0.09999999999999998,0.7038140080390125,0.9451560928652785,0.24134208482626596
1edxA,MNGTEGPNFYVPFSNKTGVVRSPFEAPQYYLAEPWEFSML,NVPCMPGDRQHPDCNPRICECQFKNWDECQNSYEIEVCGW,40,0.225,0.6,0.375,0.11338259715411379,0.5121242809564579,0.3987416838023441
2kt5B,GPLGSVWSRLGARRPSCSPERHGGKVARLQPPPTKAQPAR,NYPPVNGGPPQGYKEQPHQQQQYPSSQMMPPMPVHSPSMP,40,0.875,0.9,0.025000000000000022,-0.05337605126836238,0.0,0.05337605126836238
2l1qA,MTPFWRGVSLRPIGASARDDSEBITRLARKRRBSLSVAQE,QCCSNNQKPHRCPGMHYRWNSDCRPNWCTAGVCSPWQAPE,40,0.625,0.75,0.125,0.5389959075661142,0.6862545159607315,0.14725860839461735
1fs1A,WDSLPDELLLGIFSCLCLPELLKVSGVCKRWYRLASDESLW,ISWITDELRILIMEGICPWHWWLLFADDPVCIEYCNNPEMY,41,0.8048780487804879,0.8292682926829268,0.024390243902438935,0.7147516721023875,0.7574986224238057,0.042746950321418176
2k6sA,GSLTYEEVLQELVKHKELLRRKDTHIRELEDYIDNLLVRVM,PDPNWDEYRLAINDMFIMLNELMGCAIKFDMRIKHLLEPKQ,41,0.8048780487804879,0.9512195121951219,0.14634146341463405,0.4798422422196578,0.888127555340053,0.40828531312039523
5y97A,ANLRLSEANSGTYKTFIGRVREELGSETYRLYGIPVLKHSL,IWLREDCGDAALRRWIMYLKQRHEVLGLFYHEGKVQFRPRL,41,0.7804878048780488,0.8536585365853658,0.07317073170731703,0.7176849034240838,0.7986093835060726,0.08092448008198883
5xekA,EEECCICMDGRADLILPCAHSFCQKCIDKWSDRHRNCPICRL,WNAKPILFASDMPMTNSDGSLACEWCIQINHHEAWCQHIRNK,42,0.42857142857142855,0.6904761904761905,0.2619047619047619,0.25994508426727786,0.5832042500636297,0.3232591657963519
5hl7U,STGNRRSHALNSTKRRWNANLQKVRILVDGKPKKVWVSARAL,CYRMTCKPDINTGCPICPCHGWELRYANGPFPQPICVNLGHC,42,0.7142857142857143,0.7619047619047619,0.04761904761904756,0.5763009405970837,0.6634394294162281,0.08713848881914443
2n9pA,GSMAEASPHPGRYFCHCCSVEIVPRLPDYICPRCESGFIEEL,AHGKKSDCPFNWMWADWRQVCVAISPGAHDCPMGSEGAWVWW,42,0.8095238095238095,0.7619047619047619,-0.04761904761904767,0.7310479861869593,0.6853217816776688,-0.04572620450929055
2x7rB,MDDDDKMEWDREINNYTSLIHSLIEESQNQQEKNEQELLELDK,PQHVLEAKRELGLILANVQEAHEKLDICKDRLITCLLTIEELL,43,0.9767441860465116,1.0,0.023255813953488413,0.8064778385455118,1.0,0.1935221614544882
2b68A,GFGAPGNQLKBNNHCKSISDRAGYADAATLWLRBTCTDDNGKK,WPRREGYNYCYCCKMCSRMGHTCVCKGWYHAKPKWECWMRPSW,43,0.627906976744186,0.627906976744186,0.0,0.5380347498181187,0.5192347638359299,-0.018799985982188794
1mkcA,AKYKFENWGABDGGTGTKVRQGTLKKARYNAQAQETIRVTKPB,AYHFVDIPVPKAGPGPHPPMKHFVDVTEPHHPMPDGHKHPPTP,43,0.6744186046511628,0.6976744186046512,0.023255813953488413,0.46540971533261394,0.497282654309603,0.03187293897698906
1x93B,TRAVSLYFSDEQYQKLEKMANEEEESVGSYIKRYILKALRKIE,MIVTAYVECDYEIENAIEDWVALQVPEAEAAKQISKWWIKRYG,43,0.9534883720930233,0.9534883720930233,0.0,0.9082639076486677,0.9134506824802527,0.005186774831585028
3l32A,NLLFQSYLDNVGVQIVRQMRSGERFLKIWSQTVEEIVSYVTVNF,MQEILMMALLLHAAYCRLAGQGITAEKAKMMVDDAIILLIELCQ,44,0.9318181818181818,0.9772727272727273,0.045454545454545525,0.7750808393342432,0.9173759236416542,0.142295084307411
2lvhA,MERVYQCLRCGLTFRTKKQLIRHLVNTEKVNPLSIDYYYQSFSV,AKYMLILSGGGRIFPNYEYAMVYLLCTGECHPGMEHLGWQVERV,44,0.8409090909090909,0.9090909090909091,0.06818181818181812,0.8085240934739095,0.8888261645148822,0.08030207104097264
4x8wG,GGIDYIXLLGEIATENQFEVTYVDIEEXTFSGQFQCLVQLSTLP,EIDLTVWQLLHAAKHMGYYCEEVYTPYRNPHGQNCWAITFHPLR,44,0.8409090909090909,0.9318181818181818,0.09090909090909083,0.7870793857053284,0.9096665848571762,0.12258719915184779
2mroB,GSATFPEQTIKQLMDLGFPRDAVVKALKQTNGNAEFAASLLFQS,HTPKIPEQDLIRLYMLGWTEMDLIWCWLAGACDPKVIEARANGL,44,0.9090909090909091,0.9545454545454546,0.045454545454545525,0.8449563967752374,0.9234628782994944,0.07850648152425699
2jxgA,MATTTLGVKLDDPTRERLKAAAQSIDRTPHWLIKQAIFNYLEKLE,DVSKPRIEPLSIWDMIKIIKKMKDLGIPGKAYQYLIKFVLIPLCM,45,0.7333333333333333,0.8888888888888888,0.15555555555555556,0.5815425533969172,0.829889146518136,0.24834659312121876
1kj6A,GIINTLQKYYARVRGGRBAVLSCLPKEEQIGKBSTRGRKACRRKK,ANKYNDDFDMIKEHAWPAQVNPDPTVTFCVPSMENPPTTKWIPVG,45,0.7333333333333333,0.7111111111111111,-0.022222222222222143,0.6636552149687642,0.6270988623514053,-0.0365563526173589
2munA,ADNKAENSLRREIABGQCRDKVKTDGYFYEBATSDSTFKKCQDLLH,MKTYDELEMDELIIFCRRRWEQGDPNAMYECKNDPDLMQMYELLMS,46,0.8260869565217391,0.9565217391304348,0.13043478260869568,0.5918262237856429,0.9013507486983979,0.30952452491275506
2w9uA,AMDATTGPBCRQAKLKPAGTTDWKTSVSSHYBTGRSCEDPSYPGNG,GERSLPPGYWQPNYFCPPGYQGPIPWGYPCPWDHGPKDNKNEDHSK,46,0.45652173913043476,0.5869565217391305,0.13043478260869573,0.26266301196952563,0.4149086434099318,0.15224563144040615
2jwgA,GKSPEAEANKITEEPKBSEEKIASWHKEVKAGEKNBQFNSTKASKS,EIDKDWAEQHGLIEWIELYGPDQIIPMEVPDDFTCWAIPWNLFRED,46,0.45652173913043476,0.782608695652174,0.3260869565217392,0.27915553291518874,0.7284094974232279,0.44925396450803917
3b8eB,TGGSWFKILLFYVIFYGCLAGIFIGTIQVMLLTISEFKPTYQDRVA,CDPNWDNIEEKIKIIRHHTTRLINNIIHVAQEHNWKDPPPDLPKIE,46,0.8260869565217391,0.8913043478260869,0.06521739130434778,0.7258379058735619,0.8253179412609415,0.0994800353873796
2e5tA,IDVLRAKAAKERAERRLQSQQDDIDFKRAELALKRAMNRLSVAEMK,MTKACEDAVWMVIKTLSNCTNPIDDNLQEVIESACSVLDKMITEVG,46,0.782608695652174,0.9130434782608695,0.13043478260869557,0.3756391302446822,0.7970573954524761,0.4214182652077939
1gpsA,KIARRRSAGFKGPBMSNKNCAQVDQQEGWGGGNBDGPFRRCKDIRQA,YCEQVAFGPVTFPCRTQRAQVDSAHKHGADGGWCDSDFRRCNCYYSK,47,0.9361702127659575,0.9574468085106383,0.021276595744680882,0.9170777043023032,0.9451080714882634,0.028030367185960192
2mf3A,SKEAMTDGTVBYIHNHNDCAGSBLDSNGPIARPWEMMVGNDMCGPKA,WPIRYDENGKIPAWAGLAPLEEPVIALPWECDPSTRKPVEIEIVDPA,47,0.5319148936170213,0.723404255319149,0.19148936170212771,0.3284662021738939,0.5085133364052836,0.18004713423138974
2mw4B,SDGDVVYTLNIRGKRKFEKVKEYKEALDLLDYVQPDVKKACCQRNQI,DNGRPWVEVIITWDKKTFDEFEEELCVALKKHIPQDVVNDIVDKFGD,47,0.6808510638297872,0.9361702127659575,0.25531914893617025,0.5272877355686708,0.8993545307659337,0.37206679519726293
3q1dA,QHLMCEEHEEEKINIYCLSCEVPTCSLCKVFGAHKDCEVAPLPTIYK,PWKKDPKEPNDMYMIWDPKMNTFFDLDKAIANPGAGNAQWVPASMYP,47,0.7872340425531915,0.8085106382978723,0.02127659574468077,0.7558563057116201,0.7690786525984847,0.013222346886864633
2b9kA,AIKLVQSPNGNFAASFVLDGTKWIFKSKYYDSSKGYWVGIYEVWDRK,HNVYFINHEGEIKDEILIGGVNYTTTQVFWDSRMRELVIEVTDTPPR,47,0.8297872340425532,0.8936170212765957,0.06382978723404253,0.707558315555443,0.8199783444255409,0.11242002887009783
1fi8F,KFVTAYLGDAGMLRYNSKLPIVVYTPDNVDVKYRVWKAEEKIDNAVVR,RVRIECRPEDIQYMFDDNGNAYYVWWDDVEYLIVVVGWDDESPTFILC,48,0.6666666666666666,0.8125,0.14583333333333337,0.45659335994084893,0.7141906039792862,0.2575972440384373
1ehsA,STQSNKKDLAEHYRQIAKESBKKGFLGVRDGTAGABFGAQIMVAAKGA,VWPYDGLADCGELASWLMCWLVSPTCTIDTYWPPGNACLQPCANLFWG,48,0.4583333333333333,0.6041666666666666,0.14583333333333331,0.27912512763990355,0.5081328656375446,0.22900773799764101
1otrA,NDDHESKLSILMDMFPAISKSKLQVHLLENNNDLDLTIGLLLKENDDKS,VCDCHQAYHMFCSVWPKVEEDYILQCLVACSGCMQGPVINIMRQAGVEV,49,0.8571428571428571,0.9183673469387755,0.061224489795918435,0.7296356170225486,0.8565575269505613,0.12692190992801267
1t0fC,IKVVKPSDWDSLPDTDLRYIYSQRQPEKTMHERLKGKGVIVDMASLFKQ,KAEIPPHMRHKCDPDDREYYRCCLWPIMNPIDWCYRMGYISDQCMHQFA,49,0.6938775510204082,0.7959183673469388,0.10204081632653061,0.6069311848394461,0.7331959848760263,0.12626480003658025
2xf7B,SESLLYGYFLDSWLDGTASEELLRVAVNAGDLTQEEADKIMSYPWGAWN,MMPEWFPLAVEWLKNGLADKWKLDIYLDRGILYEEEIMYIMDIDPDECD,49,0.8367346938775511,0.9183673469387755,0.08163265306122447,0.7381446099743918,0.8750533967150207,0.1369087867406289
3kvpD,QPTSFPLEHNHFGVXEDGYIKIYEYNESRNEVKLKKEYADDELELEHHH,QCDIVSTGPNQWDIILEDTIIIFDWDVGSKIWYFIRWMTFKEFIEREGK,49,0.8571428571428571,0.9795918367346939,0.12244897959183676,0.7974430430257295,0.9680075404733395,0.17056449744760993
2qqdD,AEINPLHAYFKLPNTVSLVAGSSEGETPLNAFDGALLNAGIGNVALIRIS,KTFNPMDDPSRPPLYTCTMCIDVHAPTYDDAVKIADLQLNDPKVVIVERI,50,0.82,0.92,0.10000000000000009,0.7812932021997592,0.8995765396549431,0.11828333745518393
2kjiA,GETRAAGRKLISLVMAVBGDLCNPQEGKDIATEDAGNQDSDDYIRSABCP,MIAPQSEADRQMILRTLAQPDGPPEIPDDCWEWCMQGKVSKELYAMITSY,50,0.76,0.9,0.14,0.6310950261234589,0.8479362745260973,0.2168412484026384
4ygmD,MTSSADLTNLKELLSLYKSLRFSDSAAIEKYNSLVEWGTSTYWKIGVQKV,MIQDEVEFVECCMQWFIKNFDVKTDEGLYALMGMVVDRVNKFYPSKPCRP,50,0.86,0.92,0.06000000000000005,0.6922887739268389,0.8351818277487961,0.14289305382195727
2e45A,DSFWNPNAFETDSDLPAGWMRVQDTSGTYYWHIPTGTTQWEPPGRASPSQ,QCLYCECKDCFPPYIPEKWCCFCKDDEEYFINVVTGVEMRSPPKIYDPRV,50,0.7,0.9,0.20000000000000007,0.5980038496541127,0.8691492648748114,0.2711454152206987
4mbeB,YRKDFIDTMTRELYDAFLHERLYLIYMDSRAELKRNSTLKKKFFEKWQAS,TRRDELMARMCDLGQLVWLHQQATERTMLRIQAFQHTIVENIHAIKIVLA,50,0.96,1.0,0.040000000000000036,0.6922186552431729,1.0,0.30778134475682706
3earB,EEVLEAKWRHLLARLARVPEKDYRLYQDFAGRLFAEGRVEVVAALLALLL,RKRLLTSIMLIVLGIYFDHWSEMPKLWIPFLIWCFIYSDKAKVLVQKWLE,50,0.84,0.86,0.020000000000000018,0.6142071794414353,0.6792823038879963,0.06507512444656094
1udkA,NEKSGSAPDMSMPIPPLGIBKTLCNSDSGDPNVQKCAKNGBGFMTDTTPVP,MKRGNRNPMHMPKGCNMLLPNECDRSDDCYTPSKVQCPDWPQPMWCVMAFT,51,0.7254901960784313,0.7254901960784313,0.0,0.6027852876139175,0.5968392536185378,-0.005946033995379629
1jy2O,RKPPDADGDLHADPDLGVLCPTGEKLQDTLVRQERPIRKSIEDLRNTVDSV,MMKEPKERWIPIDPWTCYVEITLETAQKWWVICGKIFAMEAALMVIEYFIA,51,0.7647058823529411,0.8823529411764706,0.11764705882352944,0.6347127239309348,0.8182546873507324,0.18354196341979756
